<?xml version="1.0" ?>
<FDSNStationXML xmlns="http://www.fdsn.org/xml/station/1" schemaVersion="1.1">
  <Source>Nanometrics</Source>
  <Created>2021-05-11T23:49:00.376Z</Created>
  <Network code="NZ" startDate="2021-05-11T23:48:45.987Z">
    <TotalNumberStations>1</TotalNumberStations>
    <Station code="NIC" startDate="2021-05-11T23:48:45.987Z">
      <Latitude>-41.235146</Latitude>
      <Longitude>174.920458</Longitude>
      <Elevation unit="METERS">43.0</Elevation>
      <Site>
        <Name></Name>
      </Site>
      <TotalNumberChannels>1</TotalNumberChannels>
      <Channel code="HH1" startDate="2021-05-11T23:48:45.987Z" locationCode="10">
        <Latitude>-41.235146</Latitude>
        <Longitude>174.920458</Longitude>
        <Elevation unit="METERS">43.0</Elevation>
        <Depth unit="METERS">0.0</Depth>
        <Azimuth unit="DEGREES">0.0</Azimuth>
        <Dip unit="DEGREES">0.0</Dip>
        <SampleRate>100.0</SampleRate>
        <Sensor>
          <Description>UNKNOWN</Description>
        </Sensor>
        <Response>
          <InstrumentSensitivity>
            <Value>4.7741267868241143E8</Value>
            <Frequency>1.0</Frequency>
            <InputUnits>
              <Name>M/S</Name>
            </InputUnits>
            <OutputUnits>
              <Name>counts</Name>
            </OutputUnits>
          </InstrumentSensitivity>
          <Stage number="1">
            <PolesZeros name="Trillium 120Q, Gen 3">
              <InputUnits>
                <Name>M/S</Name>
              </InputUnits>
              <OutputUnits>
                <Name>V</Name>
              </OutputUnits>
              <PzTransferFunctionType>LAPLACE (RADIANS/SECOND)</PzTransferFunctionType>
              <NormalizationFactor>8.3187112846860634E17</NormalizationFactor>
              <NormalizationFrequency plusError="0.0" minusError="0.0">1.0</NormalizationFrequency>
              <Zero>
                <Real>0.0</Real>
                <Imaginary>0.0</Imaginary>
              </Zero>
              <Zero>
                <Real>0.0</Real>
                <Imaginary>0.0</Imaginary>
              </Zero>
              <Zero>
                <Real>-31.63</Real>
                <Imaginary>0.0</Imaginary>
              </Zero>
              <Zero>
                <Real>-160.0</Real>
                <Imaginary>0.0</Imaginary>
              </Zero>
              <Zero>
                <Real>-350.0</Real>
                <Imaginary>0.0</Imaginary>
              </Zero>
              <Zero>
                <Real>-3177.0</Real>
                <Imaginary>0.0</Imaginary>
              </Zero>
              <Pole>
                <Real>-0.036614</Real>
                <Imaginary>0.037059</Imaginary>
              </Pole>
              <Pole>
                <Real>-0.036614</Real>
                <Imaginary>-0.037059</Imaginary>
              </Pole>
              <Pole>
                <Real>-32.55</Real>
                <Imaginary>0.0</Imaginary>
              </Pole>
              <Pole>
                <Real>-142.0</Real>
                <Imaginary>0.0</Imaginary>
              </Pole>
              <Pole>
                <Real>-364.0</Real>
                <Imaginary>404.0</Imaginary>
              </Pole>
              <Pole>
                <Real>-364.0</Real>
                <Imaginary>-404.0</Imaginary>
              </Pole>
              <Pole>
                <Real>-1260.0</Real>
                <Imaginary>0.0</Imaginary>
              </Pole>
              <Pole>
                <Real>-4900.0</Real>
                <Imaginary>5200.0</Imaginary>
              </Pole>
              <Pole>
                <Real>-4900.0</Real>
                <Imaginary>-5200.0</Imaginary>
              </Pole>
              <Pole>
                <Real>-7100.0</Real>
                <Imaginary>1700.0</Imaginary>
              </Pole>
              <Pole>
                <Real>-7100.0</Real>
                <Imaginary>-1700.0</Imaginary>
              </Pole>
            </PolesZeros>
            <StageGain>
              <Value>1202.5</Value>
              <Frequency>1.0</Frequency>
            </StageGain>
          </Stage>
          <Stage number="2">
            <PolesZeros name="Low Impedance Input">
              <InputUnits>
                <Name>V</Name>
              </InputUnits>
              <OutputUnits>
                <Name>V</Name>
              </OutputUnits>
              <PzTransferFunctionType>LAPLACE (RADIANS/SECOND)</PzTransferFunctionType>
              <NormalizationFactor>1.0</NormalizationFactor>
              <NormalizationFrequency plusError="0.0" minusError="0.0">1.0</NormalizationFrequency>
            </PolesZeros>
            <StageGain>
              <Value>0.9925419515226849</Value>
              <Frequency>1.0</Frequency>
            </StageGain>
          </Stage>
          <Stage number="3">
            <PolesZeros name="Analog 1.0 gain">
              <InputUnits>
                <Name>V</Name>
              </InputUnits>
              <OutputUnits>
                <Name>V</Name>
              </OutputUnits>
              <PzTransferFunctionType>LAPLACE (RADIANS/SECOND)</PzTransferFunctionType>
              <NormalizationFactor>1.0</NormalizationFactor>
              <NormalizationFrequency plusError="0.0" minusError="0.0">1.0</NormalizationFrequency>
            </PolesZeros>
            <StageGain>
              <Value>1.0</Value>
              <Frequency>1.0</Frequency>
            </StageGain>
          </Stage>
          <Stage number="4">
            <Coefficients name="A/D Converter">
              <InputUnits>
                <Name>V</Name>
              </InputUnits>
              <OutputUnits>
                <Name>counts</Name>
              </OutputUnits>
              <CfTransferFunctionType>DIGITAL</CfTransferFunctionType>
              <Numerator>1.0</Numerator>
            </Coefficients>
            <Decimation>
              <InputSampleRate>30000.0</InputSampleRate>
              <Factor>1</Factor>
              <Offset>0</Offset>
              <Delay>0.0</Delay>
              <Correction>0.0</Correction>
            </Decimation>
            <StageGain>
              <Value>400000.0</Value>
              <Frequency>1.0</Frequency>
            </StageGain>
          </Stage>
          <Stage number="5">
            <Coefficients name="prim100stage1">
              <InputUnits>
                <Name>counts</Name>
              </InputUnits>
              <OutputUnits>
                <Name>counts</Name>
              </OutputUnits>
              <CfTransferFunctionType>DIGITAL</CfTransferFunctionType>
              <Numerator>-4.047907827113435E-10</Numerator>
              <Numerator>-1.39029141061628E-10</Numerator>
              <Numerator>6.728000500156771E-10</Numerator>
              <Numerator>2.757971531287775E-9</Numerator>
              <Numerator>7.546506865872195E-9</Numerator>
              <Numerator>1.766681105112393E-8</Numerator>
              <Numerator>3.769362981944433E-8</Numerator>
              <Numerator>7.523131717119556E-8</Numerator>
              <Numerator>1.424254208543815E-7</Numerator>
              <Numerator>2.579989942850785E-7</Numerator>
              <Numerator>4.49903717196372E-7</Numerator>
              <Numerator>7.586554657022834E-7</Numerator>
              <Numerator>1.241385823501068E-6</Numerator>
              <Numerator>1.976580337370245E-6</Numerator>
              <Numerator>3.069389218520029E-6</Numerator>
              <Numerator>4.657283633700868E-6</Numerator>
              <Numerator>6.915692774450531E-6</Numerator>
              <Numerator>1.006309584698377E-5</Numerator>
              <Numerator>1.436486680838168E-5</Numerator>
              <Numerator>2.013498922101177E-5</Numerator>
              <Numerator>2.773458889448483E-5</Numerator>
              <Numerator>3.756609353359231E-5</Numerator>
              <Numerator>5.00617438037599E-5</Numerator>
              <Numerator>6.566517495835717E-5</Numerator>
              <Numerator>8.480488904700095E-5</Numerator>
              <Numerator>1.078586692034099E-4</Numerator>
              <Numerator>1.351083708846758E-4</Numerator>
              <Numerator>1.666850740988706E-4</Numerator>
              <Numerator>2.02505299179028E-4</Numerator>
              <Numerator>2.421998676511588E-4</Numerator>
              <Numerator>2.850380044490719E-4</Numerator>
              <Numerator>3.298503862917036E-4</Numerator>
              <Numerator>3.749559835375441E-4</Numerator>
              <Numerator>4.180986428351539E-4</Numerator>
              <Numerator>4.564003231909406E-4</Numerator>
              <Numerator>4.863386265192439E-4</Numerator>
              <Numerator>5.03756647782684E-4</Numerator>
              <Numerator>5.039131041938723E-4</Numerator>
              <Numerator>4.815800932055991E-4</Numerator>
              <Numerator>4.311946010973558E-4</Numerator>
              <Numerator>3.47067993060206E-4</Numerator>
              <Numerator>2.236551558100188E-4</Numerator>
              <Numerator>5.588177435769922E-5</Numerator>
              <Numerator>-1.604755031971873E-4</Numerator>
              <Numerator>-4.283653814438088E-4</Numerator>
              <Numerator>-7.490084037683738E-4</Numerator>
              <Numerator>-0.00112143157658711</Numerator>
              <Numerator>-0.001542013055891304</Numerator>
              <Numerator>-0.002004062154587584</Numerator>
              <Numerator>-0.002497462335460076</Numerator>
              <Numerator>-0.003008406043037227</Numerator>
              <Numerator>-0.003519249945407228</Numerator>
              <Numerator>-0.0040085172111864</Numerator>
              <Numerator>-0.0044510697243719</Numerator>
              <Numerator>-0.004818467626070565</Numerator>
              <Numerator>-0.005079526362531964</Numerator>
              <Numerator>-0.005201072726935362</Numerator>
              <Numerator>-0.005148891537318578</Numerator>
              <Numerator>-0.004888844032354756</Numerator>
              <Numerator>-0.004388128318143293</Numerator>
              <Numerator>-0.003616641856686609</Numerator>
              <Numerator>-0.002548396677795745</Numerator>
              <Numerator>-0.001162930346149744</Numerator>
              <Numerator>5.533496934548342E-4</Numerator>
              <Numerator>0.002605953436832241</Numerator>
              <Numerator>0.004991291898095885</Numerator>
              <Numerator>0.007695917735921711</Numerator>
              <Numerator>0.01069607652807879</Numerator>
              <Numerator>0.01395761185676819</Numerator>
              <Numerator>0.01743625403066915</Numerator>
              <Numerator>0.02107830656774628</Numerator>
              <Numerator>0.0248217271981753</Numerator>
              <Numerator>0.02859758195513501</Numerator>
              <Numerator>0.03233183282942656</Numerator>
              <Numerator>0.03594740243710946</Numerator>
              <Numerator>0.03936644413583802</Numerator>
              <Numerator>0.04251273389808217</Numerator>
              <Numerator>0.04531409175152301</Numerator>
              <Numerator>0.04770473629328503</Numerator>
              <Numerator>0.04962747602314526</Numerator>
              <Numerator>0.05103564612512176</Numerator>
              <Numerator>0.05189470870549539</Numerator>
              <Numerator>0.05218344796472771</Numerator>
              <Numerator>0.05189470870549539</Numerator>
              <Numerator>0.05103564612512176</Numerator>
              <Numerator>0.04962747602314526</Numerator>
              <Numerator>0.04770473629328503</Numerator>
              <Numerator>0.04531409175152301</Numerator>
              <Numerator>0.04251273389808217</Numerator>
              <Numerator>0.03936644413583802</Numerator>
              <Numerator>0.03594740243710946</Numerator>
              <Numerator>0.03233183282942656</Numerator>
              <Numerator>0.02859758195513501</Numerator>
              <Numerator>0.0248217271981753</Numerator>
              <Numerator>0.02107830656774628</Numerator>
              <Numerator>0.01743625403066915</Numerator>
              <Numerator>0.01395761185676819</Numerator>
              <Numerator>0.01069607652807879</Numerator>
              <Numerator>0.007695917735921711</Numerator>
              <Numerator>0.004991291898095885</Numerator>
              <Numerator>0.002605953436832241</Numerator>
              <Numerator>5.533496934548342E-4</Numerator>
              <Numerator>-0.001162930346149744</Numerator>
              <Numerator>-0.002548396677795745</Numerator>
              <Numerator>-0.003616641856686609</Numerator>
              <Numerator>-0.004388128318143293</Numerator>
              <Numerator>-0.004888844032354756</Numerator>
              <Numerator>-0.005148891537318578</Numerator>
              <Numerator>-0.005201072726935362</Numerator>
              <Numerator>-0.005079526362531964</Numerator>
              <Numerator>-0.004818467626070565</Numerator>
              <Numerator>-0.0044510697243719</Numerator>
              <Numerator>-0.0040085172111864</Numerator>
              <Numerator>-0.003519249945407228</Numerator>
              <Numerator>-0.003008406043037227</Numerator>
              <Numerator>-0.002497462335460076</Numerator>
              <Numerator>-0.002004062154587584</Numerator>
              <Numerator>-0.001542013055891304</Numerator>
              <Numerator>-0.00112143157658711</Numerator>
              <Numerator>-7.490084037683738E-4</Numerator>
              <Numerator>-4.283653814438088E-4</Numerator>
              <Numerator>-1.604755031971873E-4</Numerator>
              <Numerator>5.588177435769922E-5</Numerator>
              <Numerator>2.236551558100188E-4</Numerator>
              <Numerator>3.47067993060206E-4</Numerator>
              <Numerator>4.311946010973558E-4</Numerator>
              <Numerator>4.815800932055991E-4</Numerator>
              <Numerator>5.039131041938723E-4</Numerator>
              <Numerator>5.03756647782684E-4</Numerator>
              <Numerator>4.863386265192439E-4</Numerator>
              <Numerator>4.564003231909406E-4</Numerator>
              <Numerator>4.180986428351539E-4</Numerator>
              <Numerator>3.749559835375441E-4</Numerator>
              <Numerator>3.298503862917036E-4</Numerator>
              <Numerator>2.850380044490719E-4</Numerator>
              <Numerator>2.421998676511588E-4</Numerator>
              <Numerator>2.02505299179028E-4</Numerator>
              <Numerator>1.666850740988706E-4</Numerator>
              <Numerator>1.351083708846758E-4</Numerator>
              <Numerator>1.078586692034099E-4</Numerator>
              <Numerator>8.480488904700095E-5</Numerator>
              <Numerator>6.566517495835717E-5</Numerator>
              <Numerator>5.00617438037599E-5</Numerator>
              <Numerator>3.756609353359231E-5</Numerator>
              <Numerator>2.773458889448483E-5</Numerator>
              <Numerator>2.013498922101177E-5</Numerator>
              <Numerator>1.436486680838168E-5</Numerator>
              <Numerator>1.006309584698377E-5</Numerator>
              <Numerator>6.915692774450531E-6</Numerator>
              <Numerator>4.657283633700868E-6</Numerator>
              <Numerator>3.069389218520029E-6</Numerator>
              <Numerator>1.976580337370245E-6</Numerator>
              <Numerator>1.241385823501068E-6</Numerator>
              <Numerator>7.586554657022834E-7</Numerator>
              <Numerator>4.49903717196372E-7</Numerator>
              <Numerator>2.579989942850785E-7</Numerator>
              <Numerator>1.424254208543815E-7</Numerator>
              <Numerator>7.523131717119556E-8</Numerator>
              <Numerator>3.769362981944433E-8</Numerator>
              <Numerator>1.766681105112393E-8</Numerator>
              <Numerator>7.546506865872195E-9</Numerator>
              <Numerator>2.757971531287775E-9</Numerator>
              <Numerator>6.728000500156771E-10</Numerator>
              <Numerator>-1.39029141061628E-10</Numerator>
              <Numerator>-4.047907827113435E-10</Numerator>
            </Coefficients>
            <Decimation>
              <InputSampleRate>30000.0</InputSampleRate>
              <Factor>15</Factor>
              <Offset>0</Offset>
              <Delay>0.0027333333333333333</Delay>
              <Correction>0.0027333333333333333</Correction>
            </Decimation>
            <StageGain>
              <Value>1.0</Value>
              <Frequency>1.0</Frequency>
            </StageGain>
          </Stage>
          <Stage number="6">
            <Coefficients name="prim100stage2">
              <InputUnits>
                <Name>counts</Name>
              </InputUnits>
              <OutputUnits>
                <Name>counts</Name>
              </OutputUnits>
              <CfTransferFunctionType>DIGITAL</CfTransferFunctionType>
              <Numerator>8.469229815375836E-10</Numerator>
              <Numerator>2.274220288025759E-9</Numerator>
              <Numerator>4.538950837882147E-9</Numerator>
              <Numerator>6.873790581886875E-9</Numerator>
              <Numerator>7.109040416947659E-9</Numerator>
              <Numerator>7.627841347268097E-10</Numerator>
              <Numerator>-1.98300955828268E-8</Numerator>
              <Numerator>-6.609942211224632E-8</Numerator>
              <Numerator>-1.531137889126984E-7</Numerator>
              <Numerator>-2.98249494227597E-7</Numerator>
              <Numerator>-5.181519089662492E-7</Numerator>
              <Numerator>-8.236355594832989E-7</Numerator>
              <Numerator>-1.212476329485351E-6</Numerator>
              <Numerator>-1.660554848844411E-6</Numerator>
              <Numerator>-2.112474379324042E-6</Numerator>
              <Numerator>-2.473531133129619E-6</Numerator>
              <Numerator>-2.605619128003023E-6</Numerator>
              <Numerator>-2.330133657562619E-6</Numerator>
              <Numerator>-1.440980274917891E-6</Numerator>
              <Numerator>2.69804330027872E-7</Numerator>
              <Numerator>2.972713778558616E-6</Numerator>
              <Numerator>6.748858469608209E-6</Numerator>
              <Numerator>1.152961592827038E-5</Numerator>
              <Numerator>1.703543472209736E-5</Numerator>
              <Numerator>2.272479023143328E-5</Numerator>
              <Numerator>2.776698459480208E-5</Numerator>
              <Numerator>3.105368391399539E-5</Numerator>
              <Numerator>3.126302060212491E-5</Numerator>
              <Numerator>2.698613281584723E-5</Numerator>
              <Numerator>1.691886402482352E-5</Numerator>
              <Numerator>1.111764912365637E-7</Numerator>
              <Numerator>-2.37455864477862E-5</Numerator>
              <Numerator>-5.402671731357865E-5</Numerator>
              <Numerator>-8.892267864716836E-5</Numerator>
              <Numerator>-1.252819457239765E-4</Numerator>
              <Numerator>-1.586044226011253E-4</Numerator>
              <Numerator>-1.832358557248136E-4</Numerator>
              <Numerator>-1.92798010778233E-4</Numerator>
              <Numerator>-1.808635900860097E-4</Numerator>
              <Numerator>-1.41850186225691E-4</Numerator>
              <Numerator>-7.206699315303354E-5</Numerator>
              <Numerator>2.91937566357729E-5</Numerator>
              <Numerator>1.586654736525826E-4</Numerator>
              <Numerator>3.083858467014949E-4</Numerator>
              <Numerator>4.654216635228285E-4</Numerator>
              <Numerator>6.121982853786541E-4</Numerator>
              <Numerator>7.27547074175951E-4</Numerator>
              <Numerator>7.885115946319546E-4</Numerator>
              <Numerator>7.72857783523387E-4</Numerator>
              <Numerator>6.621229618182738E-4</Numerator>
              <Numerator>4.449259850407905E-4</Numerator>
              <Numerator>1.201613649467244E-4</Numerator>
              <Numerator>-3.00369462776902E-4</Numerator>
              <Numerator>-7.90360545859508E-4</Numerator>
              <Numerator>-0.001308874060360023</Numerator>
              <Numerator>-0.001802020291776854</Numerator>
              <Numerator>-0.002206618091924962</Numerator>
              <Numerator>-0.002455790114635659</Numerator>
              <Numerator>-0.002486192180752311</Numerator>
              <Numerator>-0.002246311918537972</Numerator>
              <Numerator>-0.001705031041178952</Numerator>
              <Numerator>-8.594632516121016E-4</Numerator>
              <Numerator>2.590111721915774E-4</Numerator>
              <Numerator>0.001581566203839111</Numerator>
              <Numerator>0.003002498487966101</Numerator>
              <Numerator>0.004384141985044115</Numerator>
              <Numerator>0.005566316483085373</Numerator>
              <Numerator>0.006380002340389496</Numerator>
              <Numerator>0.006664402331430841</Numerator>
              <Numerator>0.006286042551189639</Numerator>
              <Numerator>0.00515814138851908</Numerator>
              <Numerator>0.003258199252425354</Numerator>
              <Numerator>6.416820735977283E-4</Numerator>
              <Numerator>-0.002550179237628938</Numerator>
              <Numerator>-0.006090064766937297</Numerator>
              <Numerator>-0.00967270332610326</Numerator>
              <Numerator>-0.01293168061123908</Numerator>
              <Numerator>-0.01546424668939506</Numerator>
              <Numerator>-0.016862558387093</Numerator>
              <Numerator>-0.01674898294478778</Numerator>
              <Numerator>-0.01481246018868655</Numerator>
              <Numerator>-0.01084255434379213</Numerator>
              <Numerator>-0.00475778269676487</Numerator>
              <Numerator>0.003374886268966743</Numerator>
              <Numerator>0.01333182798532389</Numerator>
              <Numerator>0.02473737725852667</Numerator>
              <Numerator>0.03708164756536587</Numerator>
              <Numerator>0.04975069601283877</Numerator>
              <Numerator>0.06206696168821097</Numerator>
              <Numerator>0.07333684637153971</Numerator>
              <Numerator>0.08290151879402521</Numerator>
              <Numerator>0.09018659693370301</Numerator>
              <Numerator>0.09474635107447013</Numerator>
              <Numerator>0.09629848418816638</Numerator>
              <Numerator>0.09474635107447013</Numerator>
              <Numerator>0.09018659693370301</Numerator>
              <Numerator>0.08290151879402521</Numerator>
              <Numerator>0.07333684637153971</Numerator>
              <Numerator>0.06206696168821097</Numerator>
              <Numerator>0.04975069601283877</Numerator>
              <Numerator>0.03708164756536587</Numerator>
              <Numerator>0.02473737725852667</Numerator>
              <Numerator>0.01333182798532389</Numerator>
              <Numerator>0.003374886268966743</Numerator>
              <Numerator>-0.00475778269676487</Numerator>
              <Numerator>-0.01084255434379213</Numerator>
              <Numerator>-0.01481246018868655</Numerator>
              <Numerator>-0.01674898294478778</Numerator>
              <Numerator>-0.016862558387093</Numerator>
              <Numerator>-0.01546424668939506</Numerator>
              <Numerator>-0.01293168061123908</Numerator>
              <Numerator>-0.00967270332610326</Numerator>
              <Numerator>-0.006090064766937297</Numerator>
              <Numerator>-0.002550179237628938</Numerator>
              <Numerator>6.416820735977283E-4</Numerator>
              <Numerator>0.003258199252425354</Numerator>
              <Numerator>0.00515814138851908</Numerator>
              <Numerator>0.006286042551189639</Numerator>
              <Numerator>0.006664402331430841</Numerator>
              <Numerator>0.006380002340389496</Numerator>
              <Numerator>0.005566316483085373</Numerator>
              <Numerator>0.004384141985044115</Numerator>
              <Numerator>0.003002498487966101</Numerator>
              <Numerator>0.001581566203839111</Numerator>
              <Numerator>2.590111721915774E-4</Numerator>
              <Numerator>-8.594632516121016E-4</Numerator>
              <Numerator>-0.001705031041178952</Numerator>
              <Numerator>-0.002246311918537972</Numerator>
              <Numerator>-0.002486192180752311</Numerator>
              <Numerator>-0.002455790114635659</Numerator>
              <Numerator>-0.002206618091924962</Numerator>
              <Numerator>-0.001802020291776854</Numerator>
              <Numerator>-0.001308874060360023</Numerator>
              <Numerator>-7.90360545859508E-4</Numerator>
              <Numerator>-3.00369462776902E-4</Numerator>
              <Numerator>1.201613649467244E-4</Numerator>
              <Numerator>4.449259850407905E-4</Numerator>
              <Numerator>6.621229618182738E-4</Numerator>
              <Numerator>7.72857783523387E-4</Numerator>
              <Numerator>7.885115946319546E-4</Numerator>
              <Numerator>7.27547074175951E-4</Numerator>
              <Numerator>6.121982853786541E-4</Numerator>
              <Numerator>4.654216635228285E-4</Numerator>
              <Numerator>3.083858467014949E-4</Numerator>
              <Numerator>1.586654736525826E-4</Numerator>
              <Numerator>2.91937566357729E-5</Numerator>
              <Numerator>-7.206699315303354E-5</Numerator>
              <Numerator>-1.41850186225691E-4</Numerator>
              <Numerator>-1.808635900860097E-4</Numerator>
              <Numerator>-1.92798010778233E-4</Numerator>
              <Numerator>-1.832358557248136E-4</Numerator>
              <Numerator>-1.586044226011253E-4</Numerator>
              <Numerator>-1.252819457239765E-4</Numerator>
              <Numerator>-8.892267864716836E-5</Numerator>
              <Numerator>-5.402671731357865E-5</Numerator>
              <Numerator>-2.37455864477862E-5</Numerator>
              <Numerator>1.111764912365637E-7</Numerator>
              <Numerator>1.691886402482352E-5</Numerator>
              <Numerator>2.698613281584723E-5</Numerator>
              <Numerator>3.126302060212491E-5</Numerator>
              <Numerator>3.105368391399539E-5</Numerator>
              <Numerator>2.776698459480208E-5</Numerator>
              <Numerator>2.272479023143328E-5</Numerator>
              <Numerator>1.703543472209736E-5</Numerator>
              <Numerator>1.152961592827038E-5</Numerator>
              <Numerator>6.748858469608209E-6</Numerator>
              <Numerator>2.972713778558616E-6</Numerator>
              <Numerator>2.69804330027872E-7</Numerator>
              <Numerator>-1.440980274917891E-6</Numerator>
              <Numerator>-2.330133657562619E-6</Numerator>
              <Numerator>-2.605619128003023E-6</Numerator>
              <Numerator>-2.473531133129619E-6</Numerator>
              <Numerator>-2.112474379324042E-6</Numerator>
              <Numerator>-1.660554848844411E-6</Numerator>
              <Numerator>-1.212476329485351E-6</Numerator>
              <Numerator>-8.236355594832989E-7</Numerator>
              <Numerator>-5.181519089662492E-7</Numerator>
              <Numerator>-2.98249494227597E-7</Numerator>
              <Numerator>-1.531137889126984E-7</Numerator>
              <Numerator>-6.609942211224632E-8</Numerator>
              <Numerator>-1.98300955828268E-8</Numerator>
              <Numerator>7.627841347268097E-10</Numerator>
              <Numerator>7.109040416947659E-9</Numerator>
              <Numerator>6.873790581886875E-9</Numerator>
              <Numerator>4.538950837882147E-9</Numerator>
              <Numerator>2.274220288025759E-9</Numerator>
              <Numerator>8.469229815375836E-10</Numerator>
            </Coefficients>
            <Decimation>
              <InputSampleRate>2000.0</InputSampleRate>
              <Factor>10</Factor>
              <Offset>0</Offset>
              <Delay>0.0465</Delay>
              <Correction>0.0465</Correction>
            </Decimation>
            <StageGain>
              <Value>1.0</Value>
              <Frequency>1.0</Frequency>
            </StageGain>
          </Stage>
          <Stage number="7">
            <Coefficients name="prim100stage3">
              <InputUnits>
                <Name>counts</Name>
              </InputUnits>
              <OutputUnits>
                <Name>counts</Name>
              </OutputUnits>
              <CfTransferFunctionType>DIGITAL</CfTransferFunctionType>
              <Numerator>-2.487704073631181E-10</Numerator>
              <Numerator>4.737439758869627E-9</Numerator>
              <Numerator>1.240318920913107E-8</Numerator>
              <Numerator>2.184229963813306E-9</Numerator>
              <Numerator>-2.973504470949853E-8</Numerator>
              <Numerator>-2.774098397333487E-8</Numerator>
              <Numerator>4.823500641306028E-8</Numerator>
              <Numerator>9.048519725175741E-8</Numerator>
              <Numerator>-4.37720193773196E-8</Numerator>
              <Numerator>-2.029250639003875E-7</Numerator>
              <Numerator>-2.932509742660224E-8</Numerator>
              <Numerator>3.57677118184549E-7</Numerator>
              <Numerator>2.380755516575443E-7</Numerator>
              <Numerator>-5.050541265325251E-7</Numerator>
              <Numerator>-6.566606160434081E-7</Numerator>
              <Numerator>5.295136199801142E-7</Numerator>
              <Numerator>1.33302656473942E-6</Numerator>
              <Numerator>-2.35390866190086E-7</Numerator>
              <Numerator>-2.23455825577774E-6</Numerator>
              <Numerator>-6.431886720336236E-7</Numerator>
              <Numerator>3.178847859642279E-6</Numerator>
              <Numerator>2.391893663270882E-6</Numerator>
              <Numerator>-3.766425715549474E-6</Numerator>
              <Numerator>-5.213130996570269E-6</Numerator>
              <Numerator>3.343878835698979E-6</Numerator>
              <Numerator>9.069842337901537E-6</Numerator>
              <Numerator>-1.034202665666667E-6</Numerator>
              <Numerator>-1.34947635337201E-5</Numerator>
              <Numerator>-4.128203067878262E-6</Numerator>
              <Numerator>1.740813571972671E-5</Numerator>
              <Numerator>1.293246945424367E-5</Numerator>
              <Numerator>-1.901116086317058E-5</Numerator>
              <Numerator>-2.559820150658931E-5</Numerator>
              <Numerator>1.583846664297833E-5</Numerator>
              <Numerator>4.129854219272497E-5</Numerator>
              <Numerator>-5.05136153123426E-6</Numerator>
              <Numerator>-5.769433718028819E-5</Numerator>
              <Numerator>-1.597343340345311E-5</Numerator>
              <Numerator>7.062319519353707E-5</Numerator>
              <Numerator>4.876211902966221E-5</Numerator>
              <Numerator>-7.411825064261423E-5</Numerator>
              <Numerator>-9.265601046647684E-5</Numerator>
              <Numerator>6.092805886715002E-5</Numerator>
              <Numerator>1.437041528677315E-4</Numerator>
              <Numerator>-2.365713142641937E-5</Numerator>
              <Numerator>-1.938176534863781E-4</Numerator>
              <Numerator>-4.346068390483575E-5</Numerator>
              <Numerator>2.305286005770023E-4</Numerator>
              <Numerator>1.422997430119745E-4</Numerator>
              <Numerator>-2.376966240860235E-4</Numerator>
              <Numerator>-2.684195404303642E-4</Numerator>
              <Numerator>1.974200184015998E-4</Numerator>
              <Numerator>4.089861668732694E-4</Numerator>
              <Numerator>-9.322642224777145E-5</Numerator>
              <Numerator>-5.416667040038034E-4</Numerator>
              <Numerator>-8.565059594353358E-5</Numerator>
              <Numerator>6.351458753935074E-4</Numerator>
              <Numerator>3.394235438661822E-4</Numerator>
              <Numerator>-6.517938478495219E-4</Numerator>
              <Numerator>-6.531622837118695E-4</Numerator>
              <Numerator>5.527339849418497E-4</Numerator>
              <Numerator>9.935334284260212E-4</Numerator>
              <Numerator>-3.051329942536734E-4</Numerator>
              <Numerator>-0.001308020364817281</Numerator>
              <Numerator>-1.089866761415155E-4</Numerator>
              <Numerator>0.001527642392221839</Numerator>
              <Numerator>6.836461053210791E-4</Numerator>
              <Numerator>-0.001573807813969138</Numerator>
              <Numerator>-0.001381190291127471</Numerator>
              <Numerator>0.001369316440666299</Numerator>
              <Numerator>0.002127841145429655</Numerator>
              <Numerator>-8.527391469852445E-4</Numerator>
              <Numerator>-0.002814325561899974</Numerator>
              <Numerator>-5.435980978213282E-6</Numerator>
              <Numerator>0.003302926411211769</Numerator>
              <Numerator>0.001187235385529431</Numerator>
              <Numerator>-0.003441492859559195</Numerator>
              <Numerator>-0.002615018460333554</Numerator>
              <Numerator>0.003083861131922053</Numerator>
              <Numerator>0.004145541224298037</Numerator>
              <Numerator>-0.002114932740796397</Numerator>
              <Numerator>-0.005572668686252893</Numerator>
              <Numerator>4.775431526676058E-4</Numerator>
              <Numerator>0.006640170511329856</Numerator>
              <Numerator>0.001802537521879636</Numerator>
              <Numerator>-0.007064640192213203</Numerator>
              <Numerator>-0.004597380817112646</Numerator>
              <Numerator>0.00656694031748481</Numerator>
              <Numerator>0.007666904141149428</Numerator>
              <Numerator>-0.004908950080892368</Numerator>
              <Numerator>-0.01066028889600873</Numerator>
              <Numerator>0.001931063619415937</Numerator>
              <Numerator>0.01312888066219805</Numerator>
              <Numerator>0.002414871264176499</Numerator>
              <Numerator>-0.01454757748158677</Numerator>
              <Numerator>-0.008042475439797359</Numerator>
              <Numerator>0.01433728095680021</Numerator>
              <Numerator>0.01472206237002311</Numerator>
              <Numerator>-0.01187358886084607</Numerator>
              <Numerator>-0.0220889493283342</Numerator>
              <Numerator>0.006451059640865893</Numerator>
              <Numerator>0.02966939534975369</Numerator>
              <Numerator>0.002871718562712786</Numerator>
              <Numerator>-0.03692218906488918</Numerator>
              <Numerator>-0.01777634564159653</Numerator>
              <Numerator>0.04329151455872206</Numerator>
              <Numerator>0.04248360716585619</Numerator>
              <Numerator>-0.04826484520071661</Numerator>
              <Numerator>-0.09280869043016983</Numerator>
              <Numerator>0.05142858357174776</Numerator>
              <Numerator>0.3137773586587529</Numerator>
              <Numerator>0.4474858173759422</Numerator>
              <Numerator>0.3137773586587529</Numerator>
              <Numerator>0.05142858357174776</Numerator>
              <Numerator>-0.09280869043016983</Numerator>
              <Numerator>-0.04826484520071661</Numerator>
              <Numerator>0.04248360716585619</Numerator>
              <Numerator>0.04329151455872206</Numerator>
              <Numerator>-0.01777634564159653</Numerator>
              <Numerator>-0.03692218906488918</Numerator>
              <Numerator>0.002871718562712786</Numerator>
              <Numerator>0.02966939534975369</Numerator>
              <Numerator>0.006451059640865893</Numerator>
              <Numerator>-0.0220889493283342</Numerator>
              <Numerator>-0.01187358886084607</Numerator>
              <Numerator>0.01472206237002311</Numerator>
              <Numerator>0.01433728095680021</Numerator>
              <Numerator>-0.008042475439797359</Numerator>
              <Numerator>-0.01454757748158677</Numerator>
              <Numerator>0.002414871264176499</Numerator>
              <Numerator>0.01312888066219805</Numerator>
              <Numerator>0.001931063619415937</Numerator>
              <Numerator>-0.01066028889600873</Numerator>
              <Numerator>-0.004908950080892368</Numerator>
              <Numerator>0.007666904141149428</Numerator>
              <Numerator>0.00656694031748481</Numerator>
              <Numerator>-0.004597380817112646</Numerator>
              <Numerator>-0.007064640192213203</Numerator>
              <Numerator>0.001802537521879636</Numerator>
              <Numerator>0.006640170511329856</Numerator>
              <Numerator>4.775431526676058E-4</Numerator>
              <Numerator>-0.005572668686252893</Numerator>
              <Numerator>-0.002114932740796397</Numerator>
              <Numerator>0.004145541224298037</Numerator>
              <Numerator>0.003083861131922053</Numerator>
              <Numerator>-0.002615018460333554</Numerator>
              <Numerator>-0.003441492859559195</Numerator>
              <Numerator>0.001187235385529431</Numerator>
              <Numerator>0.003302926411211769</Numerator>
              <Numerator>-5.435980978213282E-6</Numerator>
              <Numerator>-0.002814325561899974</Numerator>
              <Numerator>-8.527391469852445E-4</Numerator>
              <Numerator>0.002127841145429655</Numerator>
              <Numerator>0.001369316440666299</Numerator>
              <Numerator>-0.001381190291127471</Numerator>
              <Numerator>-0.001573807813969138</Numerator>
              <Numerator>6.836461053210791E-4</Numerator>
              <Numerator>0.001527642392221839</Numerator>
              <Numerator>-1.089866761415155E-4</Numerator>
              <Numerator>-0.001308020364817281</Numerator>
              <Numerator>-3.051329942536734E-4</Numerator>
              <Numerator>9.935334284260212E-4</Numerator>
              <Numerator>5.527339849418497E-4</Numerator>
              <Numerator>-6.531622837118695E-4</Numerator>
              <Numerator>-6.517938478495219E-4</Numerator>
              <Numerator>3.394235438661822E-4</Numerator>
              <Numerator>6.351458753935074E-4</Numerator>
              <Numerator>-8.565059594353358E-5</Numerator>
              <Numerator>-5.416667040038034E-4</Numerator>
              <Numerator>-9.322642224777145E-5</Numerator>
              <Numerator>4.089861668732694E-4</Numerator>
              <Numerator>1.974200184015998E-4</Numerator>
              <Numerator>-2.684195404303642E-4</Numerator>
              <Numerator>-2.376966240860235E-4</Numerator>
              <Numerator>1.422997430119745E-4</Numerator>
              <Numerator>2.305286005770023E-4</Numerator>
              <Numerator>-4.346068390483575E-5</Numerator>
              <Numerator>-1.938176534863781E-4</Numerator>
              <Numerator>-2.365713142641937E-5</Numerator>
              <Numerator>1.437041528677315E-4</Numerator>
              <Numerator>6.092805886715002E-5</Numerator>
              <Numerator>-9.265601046647684E-5</Numerator>
              <Numerator>-7.411825064261423E-5</Numerator>
              <Numerator>4.876211902966221E-5</Numerator>
              <Numerator>7.062319519353707E-5</Numerator>
              <Numerator>-1.597343340345311E-5</Numerator>
              <Numerator>-5.769433718028819E-5</Numerator>
              <Numerator>-5.05136153123426E-6</Numerator>
              <Numerator>4.129854219272497E-5</Numerator>
              <Numerator>1.583846664297833E-5</Numerator>
              <Numerator>-2.559820150658931E-5</Numerator>
              <Numerator>-1.901116086317058E-5</Numerator>
              <Numerator>1.293246945424367E-5</Numerator>
              <Numerator>1.740813571972671E-5</Numerator>
              <Numerator>-4.128203067878262E-6</Numerator>
              <Numerator>-1.34947635337201E-5</Numerator>
              <Numerator>-1.034202665666667E-6</Numerator>
              <Numerator>9.069842337901537E-6</Numerator>
              <Numerator>3.343878835698979E-6</Numerator>
              <Numerator>-5.213130996570269E-6</Numerator>
              <Numerator>-3.766425715549474E-6</Numerator>
              <Numerator>2.391893663270882E-6</Numerator>
              <Numerator>3.178847859642279E-6</Numerator>
              <Numerator>-6.431886720336236E-7</Numerator>
              <Numerator>-2.23455825577774E-6</Numerator>
              <Numerator>-2.35390866190086E-7</Numerator>
              <Numerator>1.33302656473942E-6</Numerator>
              <Numerator>5.295136199801142E-7</Numerator>
              <Numerator>-6.566606160434081E-7</Numerator>
              <Numerator>-5.050541265325251E-7</Numerator>
              <Numerator>2.380755516575443E-7</Numerator>
              <Numerator>3.57677118184549E-7</Numerator>
              <Numerator>-2.932509742660224E-8</Numerator>
              <Numerator>-2.029250639003875E-7</Numerator>
              <Numerator>-4.37720193773196E-8</Numerator>
              <Numerator>9.048519725175741E-8</Numerator>
              <Numerator>4.823500641306028E-8</Numerator>
              <Numerator>-2.774098397333487E-8</Numerator>
              <Numerator>-2.973504470949853E-8</Numerator>
              <Numerator>2.184229963813306E-9</Numerator>
              <Numerator>1.240318920913107E-8</Numerator>
              <Numerator>4.737439758869627E-9</Numerator>
              <Numerator>-2.487704073631181E-10</Numerator>
            </Coefficients>
            <Decimation>
              <InputSampleRate>200.0</InputSampleRate>
              <Factor>2</Factor>
              <Offset>0</Offset>
              <Delay>0.555</Delay>
              <Correction>0.555</Correction>
            </Decimation>
            <StageGain>
              <Value>1.0</Value>
              <Frequency>1.0</Frequency>
            </StageGain>
          </Stage>
        </Response>
      </Channel>
    </Station>
  </Network>
</FDSNStationXML>